91s4wczovs,郭军英,怒,男,1976,11,5,黑龙江省哈尔滨市香坊区黎明街道办事处红星村村委会,430602198902135496,西宁市湟源县公安局,1997.10.14-长期
yn5uzzbfpb,骆岚,仡佬,女,2002,8,13,山东省济南市商河县龙桑寺镇西刘木村委会,451225199004212653,济宁市微山县分局,2002.06.23-2022.06.23
fskvi2oake,晋娟,土,女,2010,10,10,河南省南阳市社旗县朱集镇朱集村委会,220600200009276588,张掖市山丹县分局,2006.06.20-2011.06.20
6xv6aov1xy,马双艳,毛难,男,1964,8,23,山东省济南市长清区马山镇西太平村委会,23128219460208980,吕梁市柳林县分局,2016.03.06-长期
4ocnjequsq,帅林,侗,女,1972,1,23,广西壮族自治区贵港市港北区中里乡公王村委会,32102119680405449,郑州市荥阳市公安局,2004.09.14-2024.09.14
t3749nz0xy,吴效民,拉祜,男,1974,5,6,四川省攀枝花市盐边县永兴镇新民村民委员会,37172819620304734,南宁市兴宁区公安局,2003.01.31-长期
oikuqng1tx,梁卫兰,羌,女,1999,8,14,浙江省丽水市龙泉市剑池街道南秦村村委会,23050419490929664,鞍山市铁西区分局,2004.11.13-2014.11.13
fmuxsu0hoq,张则栋,赫哲,女,1967,9,3,山东省青岛市平度市崔家集镇吕家村委会,34118119571209554,保定市高阳县分局,1999.02.18-长期
87mju0bhl1,顾绍培,羌,女,1981,8,3,内蒙古自治区呼伦贝尔市额尔古纳市三河回族乡苏沁居委会,310230200006030817,晋中市榆社县分局,1990.06.02-2000.06.02
amxl5jctoz,黄高原,鄂伦春,女,2002,6,31,贵州省铜仁市石阡县龙井乡管家坪村委会,520113198302125100,自治区直辖县级行政区划图木舒克市分局,1998.04.20-2018.04.20
xcfi4e8iaa,田世明,壮,男,1996,12,8,内蒙古自治区通辽市扎鲁特旗阿日昆都楞镇那仁宝力皋嘎查,652829199008178170,庆阳市环县分局,2004.08.04-2009.08.04
2yfwrh7kas,李德容,门巴,男,1977,8,24,辽宁省抚顺市抚顺县上马镇坎木村民委员会,22050219630818424,鄂尔多斯市东胜区公安局,2018.05.15-2023.05.15
p6e2lt5lmn,王鹏敏,裕固,女,1970,11,13,安徽省池州市东至县尧渡镇大庄村委会,469039200304145357,丹东市振安区公安局,2011.06.19-2016.06.19
sw7l9xol6q,胡永锋,哈尼,女,2007,7,29,河北省唐山市迁安市建昌营镇北冷口村委会,530424199411304511,大庆市萨尔图区公安局,2006.12.27-2011.12.27
zw3owrmav9,徐伟欣,鄂温克,女,1998,2,13,云南省曲靖市麒麟区潇湘街道办事处沙坝村委会,23243119630728408,邯郸市广平县分局,2018.07.04-2028.07.04
p333u1ciz2,张庆周,毛难,男,2000,5,1,山西省运城市平陆县圣人涧镇新湖村委会,652522198607280847,德阳市什邡市分局,2016.01.25-2021.01.25
cpst4c7fd7,龙能勇,普米,男,1955,9,24,浙江省金华市浦江县黄宅镇楼街村委会,41022219480318639,晋中市寿阳县公安局,2001.11.05-2021.11.05
wv08vjz0jo,毛嫱,维吾尔,男,2005,10,5,河北省唐山市迁安市杨各庄镇上换甲套村委会,230601201409065682,张家口市怀安县分局,2002.06.18-长期
q1hlxywcmg,廖玉洁,畲,女,2010,10,19,湖南省张家界市永定区双溪桥乡陈家山村委会,220623198605278473,临汾市洪洞县公安局,2011.08.11-2016.08.11
uzozczvl8y,刘山山,京,女,1961,8,27,上海市市辖区闸北区共和新路街道嘉利居委会,45070319680905785,枣庄市山亭区分局,2016.11.21-2026.11.21
mcclv1vp78,孔祥友,白,女,1949,8,22,山东省淄博市博山区域城镇龙堂村委会,310120200402198705,邯郸市临漳县分局,2018.12.21-2023.12.21
kuy84du0ho,郭明翰,独龙,女,1989,10,23,山东省青岛市黄岛区泊里镇三合村村委会,13080419470727648,运城市万荣县分局,1993.07.19-2003.07.19
pvk0iot6h6,毕丰,鄂伦春,女,2010,8,13,四川省广安市武胜县鼓匠乡东原村委会,452124198805029305,佳木斯市前进区公安局,2006.12.10-2026.12.10
mitxmi7sgt,胡荣生,蒙古,男,1977,11,20,福建省泉州市德化县浔中镇凤池社区居委会,340225198804199068,甘孜藏族自治州得荣县分局,2006.07.12-长期
uuyl7xz32s,彭全红,高山,男,2009,4,30,河北省张家口市涿鹿县矾山镇矾山镇居委会,140701201001076110,葫芦岛市连山区分局,1993.11.27-2003.11.27
yavbrrtnf4,吕良玉,赫哲,女,1957,2,12,河南省焦作市修武县云台山镇岸上村民委员会,33112619580407992,哈尔滨市双城区分局,1998.03.02-2003.03.02
bvlqy8ed8o,黎建业,仡佬,女,1968,5,10,四川省南充市嘉陵区凤垭街道南海社区居民委员会,45010519590631104,开封市金明区公安局,2018.03.26-2028.03.26
nuljjguzf6,罗新梅,侗,女,1980,3,17,湖南省永州市东安县南桥镇八家村村委会,411024200402318214,朔州市平鲁区分局,2015.10.30-2025.10.30
z4xvgtlio3,杜传忠,东乡,男,1960,12,28,云南省曲靖市会泽县上村乡大松树村委会,15050119451012812,县巫溪县公安局,1997.05.09-长期
sw58q8ykvb,谢跃峰,壮,男,1975,5,31,四川省甘孜藏族自治州康定市朋布西乡甲根桥村民委员会,610723199011158681,商丘市夏邑县分局,2004.06.16-2009.06.16
ttm29gjtsw,朱振平,壮,男,1954,10,1,安徽省阜阳市颍泉区闻集镇大宁村委会,230405198604225686,苏州市吴江区公安局,2000.12.25-2020.12.25
10cdmzac3p,鄢鑫,彝,女,1973,7,9,山东省滨州市博兴县庞家镇皂李村委会,53062219581214165,哈密地区巴里坤哈萨克自治县分局,2018.05.25-长期
y06s2mjdju,许淑贞,崩龙,男,2012,2,29,新疆维吾尔自治区喀什地区巴楚县阿瓦提镇巴格其村委会,522624198804181532,桂林市临桂区分局,1993.11.18-长期
pi31yca7dv,杨大清,保安,男,1959,7,5,江苏省徐州市睢宁县睢城镇七井社区居委会,41021219500507339,塔城地区沙湾县分局,2008.05.06-2018.05.06
8y5a3hvahf,杨钧雄,哈尼,女,1946,9,12,四川省凉山彝族自治州盐源县马鹿乡下荒田村村民委员会,33028319600118559,南昌市新建区分局,2007.12.15-2012.12.15
6kukb7nud8,卢晓轩,塔吉克,女,1978,4,1,山西省大同市浑源县西留村乡下祝安村委会,230124200012313849,洛阳市栾川县公安局,2019.09.22-2024.09.22
f8xg3nzbp8,陈元汉,京,男,1962,4,14,河南省南阳市唐河县湖阳镇候大庙村委会,530502201508227460,娄底市双峰县公安局,1995.03.02-2015.03.02
w32mg0o2dy,王旭兰,彝,女,2015,3,26,广东省广州市海珠区昌岗街道江南雅居社区居委会,21091119930715737X,咸阳市乾县分局,1994.04.07-1999.04.07
904ttrrk7l,袁世玲,怒,男,1977,4,21,河南省周口市商水县平店乡秦黄村委会,422406198904011446,阜新市清河门区公安局,2018.08.09-2028.08.09
tpeexenwuj,王金航,畲,男,1979,2,9,河北省张家口市蔚县杨庄窠乡白草窑村委会,360921197208035887,鹤岗市兴山区分局,1991.03.21-2001.03.21
mqxp9371jf,赵伯驹,独龙,女,1969,8,7,陕西省商洛市商州区腰市镇郭村委会,350126200412199044,泰州市兴化市分局,1998.10.19-2003.10.19
lgywenm573,江映,侗,男,1969,3,30,贵州省黔东南苗族侗族自治州榕江县三江乡断颈龙村委会,441882198511010394,黄冈市团风县分局,1994.08.21-2014.08.21
9n7r5fn3kw,赵麟祥,崩龙,男,1952,9,29,河北省沧州市南皮县王寺镇郝五拔村委会,61242519680613635,廊坊市固安县分局,1993.05.29-2013.05.29
y2kdj4y8yx,陈少刚,东乡,女,2008,12,4,江苏省扬州市江都区郭村镇大彭村委会,432301198607287670,三门峡市义马市公安局,2019.10.20-2024.10.20
95iv5u8vn8,周志山,撒拉,男,1966,5,16,山西省长治市城区东街街道办事处东关社区居委会,41102419450213930,果洛藏族自治州久治县分局,2002.09.29-2007.09.29
6f0l3ahfvx,何永久,彝,男,1997,12,13,广西壮族自治区河池市东兰县三石镇泗爷村委会,622726199003197195,宁德市周宁县分局,2013.10.01-2033.10.01
plpp9kbnju,帅兵兵,柯尔克孜,男,1947,10,30,广西壮族自治区南宁市武鸣区锣圩镇龙庆村委会,321027199707065168,安顺市西秀区公安局,1992.03.31-2002.03.31
pjoah5wcoe,吴循,傈僳,男,1962,11,26,浙江省丽水市莲都区紫金街道办事处万丰社区居委会,370602199706045730,崇左市江州区分局,2011.02.13-2016.02.13
eqxk8u9szg,毕黎明,侗,男,2005,7,25,河南省洛阳市伊川县彭婆镇杨沟村村民委员会,44200019600617174,呼和浩特市和林格尔县分局,2009.04.28-长期
81lsiwmrqd,陈云天,彝,女,1979,9,1,山东省青岛市黄岛区铁山街道办事处丙村村委会,412931200806221331,江门市台山市公安局,2008.09.25-2013.09.25
aadh656kmh,秦英华,壮,男,2001,12,27,江西省九江市武宁县鲁溪镇双新村委会,500105201402112993,龙岩市上杭县分局,2014.02.07-长期
5c5xf6e05u,苏大龙,怒,女,1989,11,10,浙江省绍兴市嵊州市鹿山街道雅致村委会,230811199812032683,葫芦岛市绥中县公安局,1990.09.14-2000.09.14
5fqu0jsg9t,刘德来,独龙,女,1949,4,23,陕西省延安市延川县关庄镇太相寺村委会,142703201410090432,白山市江源区分局,2000.11.26-2020.11.26
n21wjcuid8,孟湄,羌,男,1987,2,30,山西省晋中市介休市洪山镇上曹麻村委会,43312519641007796,信阳市光山县公安局,1998.01.02-2008.01.02
q847rf70iw,桂州,柯尔克孜,男,1948,8,29,湖北省襄阳市枣阳市七方镇毛坡村委会,450222199408098047,赣州市全南县分局,1993.06.22-1998.06.22
22dji4fx17,石蕾蕾,土家,男,1946,5,11,江苏省泰州市泰兴市黄桥镇果园村委会,654323200312207275,普洱市宁洱哈尼族彝族自治县公安局,2018.06.23-长期
lenimsbybn,李全志,崩龙,女,1957,9,6,贵州省铜仁市碧江区环北办事处铜江社区居委会,330212199006154422,临夏回族自治州临夏市公安局,2013.08.01-2018.08.01
mktq6bvefg,苏翠平,柯尔克孜,男,2003,5,25,安徽省安庆市大观区石化路街道办事处天桥社区居民委员会,132822201405192597,安康市石泉县分局,2019.12.17-长期
nudkuoew4p,乐月,仡佬,男,1999,1,9,广西壮族自治区贵港市平南县大坡镇大塘村村委会,61082919540116326,酒泉市敦煌市分局,1993.06.24-长期
88we9vwfgt,苏建荣,毛难,男,2008,4,30,河北省保定市蠡县万安镇东建华村委会,239003200708118549,台州市椒江区公安局,1998.08.03-2003.08.03
97wls27rwp,陶东文,布朗,女,1951,10,10,湖南省邵阳市隆回县横板桥镇石燕村委会,13110119670913971,福州市福清市公安局,2010.04.22-2020.04.22
ypn6z5jtct,夏志祥,怒,女,1955,7,25,安徽省蚌埠市蚌山区燕山乡南庙村委会,320212198301071150,长春市二道区公安局,2019.11.06-2029.11.06
9shu8jw4jj,林声耀,维吾尔,女,1989,7,30,陕西省咸阳市乾县马连镇大和村委会,23100519530730449,张家口市桥西区分局,2002.06.08-长期
8w86v9cgwo,刘裕文,布依,男,1969,6,3,安徽省合肥市肥东县石塘镇新展村民委员会,54022419661122266,大同市灵丘县公安局,1995.09.29-长期
ez4amcbm40,查天林,土家,女,1971,6,18,甘肃省甘南藏族自治州舟曲县江盘乡南山村委会,542133198910039240,省直辖县级行政区划济源市公安局,2015.12.16-2020.12.16
7zt647yu4b,王多,朝鲜,男,1970,8,26,贵州省铜仁市松桃苗族自治县寨英镇野溪村委会,130521198707156423,哈尔滨市通河县公安局,2002.09.04-2022.09.04
xq4cn6w5s8,黄冰凌,独龙,女,1959,3,22,陕西省榆林市佳县木头峪镇乔家兴庄村委会,610422198906117612,三明市梅列区公安局,1995.03.22-2000.03.22
okmkqib2e6,夏云海,土家,男,1963,7,20,河南省信阳市平桥区平昌镇昌平居委会,530624201907127235,凉山彝族自治州德昌县公安局,2008.01.29-2028.01.29
f7acbgta06,崔继荣,门巴,女,1955,10,4,贵州省毕节市纳雍县羊场乡菜子地村委会,14072719880320562X,保定市涞源县公安局,1993.08.22-2003.08.22
12dwyvmhbo,魏立功,俄罗斯,女,2005,9,30,江西省抚州市南丰县三溪乡南堡村委会,230208198005142180,铁岭市铁岭县公安局,2004.05.16-2014.05.16
9yncyvdy1c,金政旭,羌,女,1984,4,3,河北省邢台市威县高公庄乡北孙家庄村委会,13032419510924488,台州市仙居县公安局,2004.01.10-2024.01.10
kch6rcib2m,陈存冬,彝,女,1963,9,5,山东省菏泽市定陶县张湾镇吕沟村委会,530428198904132249,黔东南苗族侗族自治州雷山县分局,2001.02.22-长期
65z08mlgfh,杜元载,撒拉,女,2010,1,13,北京市市辖区门头沟区斋堂镇法城村委会,510922200102300969,大同市矿区分局,1998.08.09-长期
tt8f43v57h,吴继高,畲,女,1980,1,27,安徽省合肥市包河区包公街道美湖居委会,13062719610324420,甘孜藏族自治州炉霍县分局,2010.12.05-长期
jb4zn3sjda,李友义,崩龙,男,2008,11,29,四川省达州市大竹县竹阳街道办事处双碑村民委员会,330411198009170574,平凉市崇信县公安局,2016.12.04-长期
9h4qavr4z9,娄晓燕,哈尼,女,1993,12,14,广东省韶关市始兴县隘子镇建国村委会,330723200804151597,齐齐哈尔市富拉尔基区公安局,2018.01.24-2038.01.24
6zb2onsilx,朱培勋,回,男,2008,12,26,广东省茂名市电白区小良镇马岚村委会,320116197402055807,普洱市景东彝族自治县公安局,2005.07.30-长期
ssul68rf5b,谢海华,达斡尔,男,1986,7,4,山西省晋中市平遥县段村镇东安社村委会,451228200401262560,伊犁哈萨克自治州伊宁县分局,1999.08.25-2004.08.25
r504c4ibqo,张东萍,畲,女,2002,8,21,广西壮族自治区梧州市岑溪市筋竹镇罗敏村村委会,320824200412114510,九江市武宁县公安局,2012.04.06-2017.04.06
sr8z83x3vk,郭晓瑾,珞巴,男,1978,12,13,山东省济南市历城区临港街道办事处桥北村民委员会,35062519610207313,益阳市沅江市公安局,2001.07.01-2011.07.01
4bui9b7s8b,梁卫琼,白,女,2000,9,24,四川省绵阳市三台县百顷镇水文村民委员会,350900201210067579,拉萨市堆龙德庆县公安局,1992.11.25-1997.11.25
15cos8ku99,谢炳清,锡伯,女,1960,4,19,湖南省邵阳市洞口县月溪乡石板村委会,650104197902197173,昌都市芒康县公安局,1998.09.17-2003.09.17
y1ryv7mi7c,王远英,黎,女,2004,5,27,山东省莱芜市莱城区牛泉镇范庄村委会,34122219531019747,定西市安定区分局,2011.10.30-2031.10.30
dtn2831k6j,古广明,塔吉克,女,2005,1,10,广西壮族自治区崇左市天等县把荷乡那样村委会,33050119641012192,温州市乐清市公安局,2001.01.02-2021.01.02
dfikfi9buq,黄玉微,仫佬,女,1949,10,29,河北省邯郸市武安市西土山乡东土山村委会,54212919450803634,市辖区北碚区分局,2019.11.18-2024.11.18
jtseeeabjj,李涤凡,瑶,男,1951,5,13,甘肃省甘南藏族自治州迭部县益哇乡傲子村委会,450126201105101170,伊春市上甘岭区分局,2009.11.04-2014.11.04
x3mdtlcbhc,俞大猷,俄罗斯,女,2010,10,31,贵州省铜仁市德江县长堡镇徐家岩村委会,37158119701001638,黔东南苗族侗族自治州锦屏县分局,1999.11.13-2009.11.13
jnka3q75im,梁学芬,土家,男,1980,7,16,山东省莱芜市莱城区凤城街道办事处吴家花园居委会,513300199002163048,德宏傣族景颇族自治州陇川县分局,1995.11.20-2000.11.20
msvq8fjgqd,袁清艳,乌孜别克,男,1979,2,27,四川省南充市蓬安县两路乡黄莲垭村村委会,342129198002217955,邯郸市曲周县公安局,1996.02.03-2001.02.03
fy5ndlx99y,陈夏斌,拉祜,男,1964,6,9,山西省长治市武乡县涌泉乡常家垴村委会,231002197103031207,南宁市上林县分局,2003.07.03-2013.07.03
jpmlm37zll,朱应平,鄂温克,男,2007,2,14,江苏省淮安市洪泽县三河镇长河村委会,54212419570507904,绵阳市三台县分局,2002.10.17-2022.10.17
e5psxlde1b,刘思妮,京,男,2009,7,18,浙江省宁波市象山县石浦镇海宁社区,130671197211284756,株洲市芦淞区分局,2010.01.23-2030.01.23
c9t9brhnqp,桂坡,京,女,1952,12,22,湖南省永州市零陵区大庆坪乡据江寺村委会,412424201606064344,盘锦市兴隆台区公安局,1998.06.23-2018.06.23
kv9qy7z3kv,代贝,傣,女,1999,1,18,广西壮族自治区北海市合浦县党江镇亚桥村委会,632321198107284694,益阳市桃江县公安局,2017.06.16-2022.06.16
nvgrpar9yr,潘楷发,珞巴,女,1967,8,29,河南省焦作市修武县七贤镇官庄村民委员会,452426198510292636,昌吉回族自治州吉木萨尔县公安局,1991.10.05-1996.10.05
dfc32hupui,王泰麒,畲,男,1949,9,20,四川省广安市岳池县石垭镇云峰村委会,152103199601312617,甘孜藏族自治州德格县分局,1990.03.04-长期
byqgf4t3ba,王琼璎,土,男,1985,6,17,河南省平顶山市汝州市纸坊镇车渠村委会,500234198106304911,烟台市栖霞市分局,2014.02.18-2024.02.18
mkwpbf2l94,池乐,土家,女,1978,7,10,山西省晋中市平遥县南政乡王家庄村委会,630103198401027573,海东市民和回族土族自治县分局,2004.02.29-2009.02.29
xkcjt3yfog,邵春燕,俄罗斯,男,1962,9,20,云南省曲靖市会泽县马路乡硝厂村委会,610626197110078460,鄂尔多斯市伊金霍洛旗分局,2015.02.23-2020.02.23
lo88j05m94,李辉勇,乌孜别克,女,1997,10,5,广西壮族自治区百色市那坡县龙合乡德合村委会,542127197806048115,玉林市玉州区分局,2002.04.14-2022.04.14
vydqtbx1x6,庄海,汉,女,1990,11,16,云南省楚雄彝族自治州南华县红土坡镇法郎村民委员会,370102201408213115,遵义市湄潭县公安局,2012.04.30-2022.04.30
30yhql6vjx,丁超明,羌,男,2000,6,29,山东省德州市陵城区郑家寨镇北姚村委会,211103201810141228,乌鲁木齐市乌鲁木齐县公安局,2011.12.04-2031.12.04
1v98y1y7la,王长欣,赫哲,男,1949,2,9,江苏省宿迁市沭阳县庙头镇后窑居委会,640102201907201551,安阳市殷都区分局,2019.09.08-2039.09.08
0hj6yn0ujl,周秋亚,汉,女,1984,6,22,河北省保定市蠡县南庄镇东魏村委会,43232220090810334X,乐山市夹江县分局,1997.09.01-长期
lkqtunqg3z,相平,哈萨克,女,1984,1,24,广东省江门市开平市苍城镇楼田村委会,141025197409222149,阿里地区札达县分局,1991.03.25-2001.03.25
rte122fojz,楼建峰,怒,男,2009,5,21,山东省泰安市岱岳区道朗镇西孙村委会,222325199808132654,锡林郭勒盟正镶白旗分局,2018.03.18-2028.03.18
wlcbnnfz1h,林静云,水,男,1950,8,21,山东省日照市莒县棋山镇龙家官庄村委会,43212219490905123,合肥市肥东县公安局,1999.11.20-2019.11.20
jo0vhr7faj,姚圣杰,景颇,男,1948,1,28,江西省宜春市万载县康乐街道康乐村委会,652824198803237887,昌吉回族自治州呼图壁县分局,2002.05.31-2012.05.31
kbohgeqzes,张荣亭,壮,男,2003,6,29,四川省资阳市乐至县孔雀乡团田村村民委员会,350825200609163282,大连市庄河市分局,2000.01.01-长期
y7sz1kxhu2,谭新龙,基诺,女,1962,2,2,山西省吕梁市方山县北武当镇暖泉会村委会,45282519790417703X,抚州市南城县公安局,2015.03.08-长期
wy7e8zmyyr,陈春虹,土家,男,1959,11,8,广西壮族自治区梧州市岑溪市岑城镇天星村村委会,321181198908013208,荆门市京山县公安局,2019.07.05-2029.07.05
9bgbyh3p9h,张孝荣,仫佬,男,1945,3,20,广西壮族自治区百色市平果县四塘镇金沙村委会,451302199903151593,赣州市上犹县公安局,2002.09.02-2022.09.02
yp9v51nci4,徐亚强,崩龙,女,1987,12,1,河北省衡水市冀州市南午村镇举人周家庄村委会,520326198512316431,秦皇岛市卢龙县分局,1994.05.04-2014.05.04
q1jlykx8iz,闫玉虎,独龙,男,2001,5,7,浙江省衢州市开化县村头镇青山村委会,230523201401129774,玉树藏族自治州囊谦县公安局,1990.12.27-1995.12.27
vgg57wjgg4,胡秋娥,塔吉克,男,2007,10,29,贵州省遵义市桐梓县官仓镇堡上村委会,51232719481026802,中卫市海原县公安局,2008.04.11-2013.04.11
shp5p4v1ud,吴泉华,布依,男,1952,11,18,河北省衡水市故城县西半屯镇西郭庄村委会,445102198005203907,十堰市竹溪县分局,2008.02.19-长期
l35n8zqwkq,赵元红,傣,女,1966,1,13,四川省绵阳市平武县大桥镇大城村民委员会,22020219610910245,宜春市奉新县分局,1997.04.28-2007.04.28
e8vqoti652,张前宝,满,男,1987,8,25,河南省商丘市睢阳区包公庙乡包公庙村委会,22078119590716391,东营市东营区分局,1994.02.13-长期
3ddccarwoa,丁立立,黎,男,2010,1,4,河北省保定市涿州市百尺竿镇曹家庄村村委会,44130119580423183,白山市临江市分局,2014.06.26-2019.06.26
6j9aozssrq,蔡延,拉祜,女,1959,10,26,广西壮族自治区柳州市柳北区白露街道办事处白露村委会,15072719901001852X,市辖区巴南区分局,2001.11.02-长期
4e4rryouct,刘利科,傈僳,女,1993,10,2,湖南省常德市武陵区丹洲乡垢湖村委会,32048319530418642,成都市金堂县分局,2007.09.08-长期
ndq1w8iajz,韩佳斌,景颇,女,1989,7,10,山东省济南市历城区仲宫镇绣川十八盘村民委员会,510105200110145466,日喀则市白朗县分局,2018.02.26-2028.02.26
er7129s0it,牛三,基诺,男,1958,10,20,湖北省随州市随县均川镇周家畈村委会,13098319610511437,普洱市宁洱哈尼族彝族自治县公安局,1990.05.05-1995.05.05
8qcrhmc7fm,吴延峰,高山,男,1996,2,28,河南省信阳市光山县槐店乡刘高山村委会,54212219670620649,遂宁市船山区公安局,1990.09.27-2000.09.27
nqdsrwbaml,刘恒峰,撒拉,男,1970,9,15,河北省石家庄市高邑县大营镇后哨营村委会,341402200306096460,伊春市乌马河区公安局,2004.12.15-2014.12.15
3rdf71y27f,姚金根,藏,女,1986,3,26,山西省临汾市浮山县东张乡南畔山村委会,33102219480929554,淮安市涟水县公安局,2007.09.24-2012.09.24
kdpgb62aak,葛洪杰,黎,男,1992,11,23,江苏省南京市栖霞区燕子矶街道柳塘村社区居委会,431103198408295550,伊犁哈萨克自治州奎屯市分局,1996.08.18-2001.08.18
99dzt6cr8m,索虎,高山,女,1945,8,22,重庆市县云阳县人和街道办事处中兴村委会,610827200312132879,宁德市蕉城区公安局,1991.09.15-长期
5sl12p4hvl,高振辉,汉,男,2008,11,10,河北省沧州市河间市诗经村乡前柏桐村委会,15263119510709630,赤峰市元宝山区公安局,2009.12.26-2014.12.26
oa3peclcvm,关秀霞,维吾尔,男,1967,12,15,河南省商丘市柘城县张桥乡梁楼村委会,36042219650407844,廊坊市大厂回族自治县公安局,1996.02.07-长期
p5t4by52ui,徐福胜,瑶,女,1971,12,2,河北省秦皇岛市抚宁区留守营镇留守营西街村委会,652929201111234922,宁波市江北区公安局,2012.10.14-2022.10.14
8ftno41a1p,阳科,怒,女,1959,2,13,贵州省铜仁市印江土家族苗族自治县板溪镇毛寨村委会,371427198407201333,佳木斯市郊区公安局,2006.11.09-2016.11.09
yin1qmfh3k,周海航,白,女,1950,5,6,山西省运城市绛县横水镇柳庄村委会,15230119610417181,贵阳市开阳县分局,2014.03.17-长期
jfnijb0h4f,颜克钧,东乡,女,1954,2,15,浙江省宁波市海曙区月湖街道太阳社区,35092320020908551X,大理白族自治州永平县公安局,1993.11.17-2003.11.17
3k162jw6nl,刘艳枝,土,女,1957,2,1,四川省泸州市泸县太伏镇伏龙村民委员会,411223199602045781,鄂尔多斯市达拉特旗公安局,2017.06.08-长期
dav3a0nwr3,黎志超,侗,男,2004,7,16,西藏自治区日喀则市定日县曲当乡雪达村,142233200210019689,青岛市胶州市公安局,1998.05.06-2003.05.06
s108pjjngg,黄珍珠,俄罗斯,男,1977,11,30,陕西省延安市富县羊泉镇王乐村委会,64042219451130142,西宁市大通回族土族自治县分局,2008.07.01-2013.07.01
gea690oxc8,史佳利,怒,男,1982,6,23,北京市市辖区通州区北苑街道办事处天时名苑社区居委会,372231197402269636,省直辖县级行政区划辛集市分局,2018.07.04-2038.07.04
u8osh1bl6r,柯明,保安,男,2013,10,16,江苏省苏州市昆山市周市镇嘉禾社区居委会,13028119460210772,市辖区合川区分局,2006.01.26-2026.01.26
b6bwf8babi,杨卫静,鄂伦春,男,2003,6,15,山西省朔州市应县杏寨乡安营村委会,61020419700710863,九江市九江县公安局,1997.12.29-2017.12.29
irkkheom5n,庞珂,撒拉,男,2003,11,5,四川省南充市西充县祥龙乡昭阁庙村民委员会,53252719540317132,省直辖县级行政区划五指山市分局,1990.07.17-2010.07.17
b2cut94zzt,汪诗琪,彝,男,1979,12,22,四川省成都市大邑县西岭镇大龙村委会,44092219600630063,吴忠市盐池县公安局,2002.05.25-2007.05.25
r7j3hz36e2,苏宝,达斡尔,女,2003,6,27,河北省保定市易县高陌乡郎井庄村村委会,110112200107143677,阿拉善盟阿拉善左旗公安局,2017.05.13-长期
v3tgaeyxi4,桑三娘,裕固,男,1971,7,1,河北省保定市易县南城司乡南城司村村委会,44138119620901043,自贡市贡井区公安局,1999.03.31-2019.03.31
zj52r48jmw,张福宏,仫佬,女,1956,7,4,湖南省岳阳市平江县大洲乡双鸽村民委员会,42100419671001049,伊春市红星区公安局,2003.10.16-2023.10.16
od1kfmjxnn,罗大兴,汉,女,1978,4,26,陕西省延安市志丹县义正镇榆咀子村委会,46040020150102095X,西双版纳傣族自治州勐腊县分局,2006.05.13-2016.05.13
8v2xmkinzz,陈光宪,基诺,女,1975,10,8,河北省邢台市临西县临西镇仓上村委会,130431201602199266,安康市镇坪县公安局,2013.11.21-2018.11.21
196bm25ifi,陈照良,维吾尔,男,1969,8,28,四川省绵阳市北川羌族自治县桂溪镇树坪村民委员会,520221198506312378,渭南市韩城市分局,2000.01.04-2005.01.04
g4sr60dgb2,黄自达,白,男,1991,8,18,山东省泰安市东平县旧县乡姬庄村委会,610600199107263530,三亚市吉阳区分局,2002.10.24-长期
3v9vjvhm4c,陈文雯,满,男,1991,9,18,黑龙江省牡丹江市穆棱市河西乡龙眼村委会,440506199212311508,忻州市保德县公安局,1999.05.28-2019.05.28
vhyz55wa73,张敬杰,侗,男,1977,12,16,安徽省阜阳市界首市邴集乡董寨村委会,141027201105068340,黄冈市浠水县公安局,1992.05.22-2002.05.22
azw13lzvuf,陈兢,畲,男,1966,12,21,湖南省益阳市赫山区岳家桥镇黄板桥村委会,370120197808289412,云浮市云城区公安局,2014.09.13-2019.09.13
wtkxjh43hz,蔡兴,布依,女,1965,1,23,河北省衡水市景县北留智镇常庄科南村委会,510227200001122154,葫芦岛市连山区分局,1995.09.24-长期
avib5fmdf4,陈先润,仡佬,女,1953,2,27,江西省萍乡市莲花县神泉乡神泉村委会,330127197702162627,新乡市卫辉市分局,2008.03.14-2018.03.14
qeyw5jy2is,夏治平,毛难,女,1961,6,23,山东省滨州市阳信县水落坡镇西杨村委会,61092219580931771,临夏回族自治州积石山保安族东乡族撒拉族自治县公安局,2006.06.29-2011.06.29
n2uouv391p,仇道滨,蒙古,女,1982,10,23,河南省南阳市唐河县古城乡方庄村委会,14040119691015525,毕节市黔西县分局,1991.04.17-2001.04.17
w7otsw7w5k,陈艳丹,瑶,男,1962,9,5,河南省商丘市睢县长岗镇东村村委会,45130019641009453,黄山市休宁县公安局,1993.01.25-2013.01.25
ddzo3ucggh,张青琳,哈尼,男,1997,6,23,吉林省白山市抚松县泉阳镇泉阳河村委会,222423199005020731,成都市青羊区分局,1993.01.10-2003.01.10
pa64njsx5l,靳晓燕,布朗,男,1971,1,20,四川省达州市渠县涌兴镇兴武村民委员会,411602197904121249,银川市金凤区公安局,2012.04.26-2032.04.26
sh4hc3dukc,梅靖,乌孜别克,女,1977,6,26,山东省泰安市宁阳县鹤山乡王家西皋村委会,110115198307050199,平凉市庄浪县分局,2013.11.29-2033.11.29
v1rd4iwwd6,马岳龙,仫佬,男,1945,2,15,山西省晋中市左权县粟城乡上交漳村委会,530923197104192278,恩施土家族苗族自治州来凤县公安局,2019.12.29-2024.12.29
wfz38racxw,潘光平,仡佬,女,1974,12,4,湖北省鄂州市梁子湖区沼山镇沼山居委会,441425201609186289,周口市太康县公安局,1993.04.03-2003.04.03
w9jmpfxcn0,伯寅,高山,女,1953,11,10,湖南省永州市零陵区水口山镇跃家村委会,63272619500727843,咸阳市武功县公安局,1992.10.28-2012.10.28
uk6bhnmjrr,陈丽帆,畲,女,1991,2,28,山东省德州市陵城区义渡口镇初庄村委会,142322198210091419,荆门市东宝区分局,2003.11.31-2008.11.31
6hppb1bs50,崔志海,彝,女,1958,2,17,湖南省怀化市溆浦县木溪乡田儿冲村村委会,32062219680331265,市辖区南岸区公安局,1996.05.01-2001.05.01
u0hpwwngge,高有华,乌孜别克,女,1957,9,26,贵州省黔东南苗族侗族自治州剑河县柳川镇柳利村委会,22212219460606544,绥化市安达市公安局,2002.06.01-长期
31jgxh8x74,吴长来,布朗,男,1962,5,11,湖北省鄂州市梁子湖区涂家垴镇白云村委会,36262619631118684,秦皇岛市昌黎县分局,2002.07.16-2012.07.16
g0fqjfkhs0,陈天贵,锡伯,男,1992,8,2,辽宁省辽阳市灯塔市五星镇民生一村民委员会,42270119590519549,省直辖县级行政区划天门市公安局,2002.04.21-2012.04.21
33zlllv8pb,刘孟瑶,崩龙,男,1993,1,20,湖南省岳阳市湘阴县文星镇宗棠社区,23122619481021135,长春市南关区分局,2015.08.01-长期
2nvd0codak,曾春苗,佤,女,2011,8,14,河北省张家口市阳原县西城镇大沙沟村委会,152502199502224943,白山市浑江区分局,1990.06.27-长期
zm66sex8gv,金益儿,阿昌,男,1959,2,12,湖南省永州市祁阳县大村甸镇前锋村委会,500224201407102232,昆明市东川区分局,2002.07.23-2012.07.23
0i0u81ynzl,张申祥,普米,女,2010,9,2,江西省赣州市南康区十八塘乡群丰村委会,431081199609014775,绥化市安达市公安局,1996.08.25-2001.08.25
rjtx9glwxk,余德泉,汉,女,1967,2,10,浙江省温州市永嘉县桥头镇林福村委会,41172819490107964,吴忠市红寺堡区公安局,2016.05.17-2021.05.17
o55js3irio,李银月,塔吉克,女,1962,5,11,黑龙江省鹤岗市兴安区峻德路街道办事处峻旺社区,420822201008090791,西宁市湟中县公安局,1995.01.13-2000.01.13
vrksn22y4d,白雪宁,侗,女,2007,3,12,河北省沧州市青县曹寺乡邢家庙村委会,140203197202045864,桂林市灌阳县分局,2005.10.16-2025.10.16
0nbtart0dh,齐素华,哈萨克,女,1951,5,18,山东省临沂市郯城县马头镇科技村村委会,411625198402270171,昭通市彝良县分局,2002.03.15-2022.03.15
8p9ucc40oy,管镇滨,裕固,男,1965,11,10,吉林省白城市通榆县双岗镇太平村委会,150802201306257891,柳州市柳南区公安局,2010.04.25-2030.04.25
3hmxv1xxss,陈彩飞,独龙,男,1974,5,7,陕西省咸阳市永寿县店头镇曹德村委会,652427197110109687,金华市兰溪市公安局,2002.06.25-2007.06.25
68n6u0i9o9,屈明辉,撒拉,男,1989,9,8,陕西省汉中市西乡县峡口镇文溪村委会,372125200411067405,渭南市华县公安局,1997.11.30-2007.11.30
ido36f29vp,查红霞,哈萨克,女,2013,9,26,河南省驻马店市新蔡县河坞乡孙堂村委会,652801201107190286,镇江市丹阳市公安局,2019.03.30-2024.03.30
z90wf7594b,苗言,毛难,女,2004,8,5,四川省资阳市乐至县高寺镇小河村村民委员会,410522197310317494,北海市合浦县分局,2003.09.25-2023.09.25
6k6qv2or80,詹云云,满,女,1947,8,24,甘肃省平凉市崆峒区上杨乡早庄村委会,520281199212105085,九江市湖口县公安局,1996.11.10-长期
cgfs1d4x1p,高顺来,珞巴,男,1992,11,13,山东省聊城市茌平县杨官屯乡窦于村委会,371481198602243749,福州市长乐市分局,2015.01.12-2025.01.12
rbmbp362cx,卢春荣,白,女,1973,1,30,山东省菏泽市东明县长兴集乡任庄村委会,452425200003203562,平凉市灵台县分局,1994.02.22-2004.02.22
71ignr3cnq,尹扬明,哈尼,女,1983,11,15,河南省郑州市中牟县大孟镇洪岗村委会,650102199308108429,三亚市崖州区分局,2004.11.20-2009.11.20
0fco0uhtej,王保才,乌孜别克,女,1955,10,13,内蒙古自治区兴安盟扎赉特旗巴彦高勒镇兴胜村委会,43042319550616947,张家口市桥西区分局,2009.02.01-长期
3yps0dmncy,陈永好,乌孜别克,男,1980,4,27,福建省莆田市仙游县西苑乡前县村委会,51152919480729852,盐城市射阳县公安局,2008.07.24-2028.07.24
7is29ptchp,张明燕,布朗,男,2012,10,25,江西省上饶市鄱阳县饶州街道办事处德化桥社区居民委员会,320506201808015790,西宁市城西区公安局,2004.11.10-2009.11.10
ykxgaz941o,龙柏林,毛难,女,2012,2,4,福建省龙岩市漳平市菁城街道菁东社区居委会,53272319561207925,张家口市阳原县公安局,2019.11.03-2029.11.03
rgylwcwxn8,钟坤荣,维吾尔,女,2010,11,30,安徽省安庆市枞阳县会宫镇安凤村委会,31011419570617006,金华市义乌市公安局,2004.05.30-2024.05.30
brly6tjcyi,范晓毅,毛难,男,2006,12,17,安徽省黄山市休宁县五城镇西田村村委会,37137219550915058,省直辖县级行政区划万宁市公安局,2017.11.16-2037.11.16
4znjdpflmn,骆奇,鄂伦春,男,2010,1,9,福建省泉州市德化县浔中镇世科村委会,654202200802103300,西宁市大通回族土族自治县分局,2013.09.27-2023.09.27
mkpg9do63d,李穗蓉,乌孜别克,男,1956,12,14,河北省邢台市宁晋县唐邱乡孔小营三村委会,21100219551207065,运城市芮城县公安局,1995.03.27-2015.03.27
lkkgjsx9c0,邱广超,珞巴,男,1980,10,30,江西省九江市都昌县汪墩乡林丰村委会,511126200809056364,新乡市封丘县公安局,2008.08.02-2013.08.02
7eh4o4hmd4,梁锡强,纳西,男,1997,1,21,黑龙江省双鸭山市宝清县宝清镇十八里村委会,34188119520611741,邢台市内丘县公安局,2018.11.09-2023.11.09
zhhgvlbn82,王洪起,蒙古,女,1984,4,16,陕西省汉中市汉台区东大街街道办事处新星街居委会,44028219490126566,沈阳市皇姑区公安局,2018.06.12-2028.06.12
5k4akkuk2z,胡大凤,京,男,1999,4,3,四川省甘孜藏族自治州甘孜县扎科乡生达村民委员会,140700198304098596,济南市槐荫区分局,1993.12.28-2013.12.28
lll6jl5l2p,曾唯唯,珞巴,男,1998,4,7,四川省乐山市马边彝族自治县劳动乡柏香村委会,42092319551118010,文山壮族苗族自治州西畴县分局,1995.10.27-2005.10.27
r4myaaac01,王俊巧,哈萨克,女,1959,9,2,湖北省恩施土家族苗族自治州利川市凉雾乡海洋村委会,341722197903096594,岳阳市华容县分局,2011.02.15-长期
m4msvl8ua7,孙建东,基诺,女,2014,5,31,河南省洛阳市洛宁县马店镇关庙村村民委员会,211121198707019161,甘孜藏族自治州巴塘县分局,1998.07.24-2018.07.24
rgh5z2fdt4,杨通明,苗,女,2007,8,30,天津市市辖区东丽区无瑕街道新袁村委会,532523199707107677,阜新市阜新蒙古族自治县分局,2017.05.31-2027.05.31
mu4ic9lmjg,苏丽君,汉,男,1964,6,7,陕西省西安市蓝田县汤峪镇马塬村委会,37283119451001882,邵阳市绥宁县分局,2013.05.21-2033.05.21
zjd33lb74j,阮云燕,珞巴,男,1968,9,4,河南省焦作市孟州市赵和镇大马沟村委会,440500199909036602,玉林市容县分局,1992.04.18-1997.04.18
0or935b56g,金利琴,乌孜别克,男,1964,6,31,广西壮族自治区贵港市平南县武林镇新联村村委会,54252219460207739,滨州市阳信县公安局,1997.02.05-长期
o390wh1hu4,吕凤梅,纳西,男,1949,6,27,江苏省淮安市涟水县唐集镇陆舍村委会,23250220070208463X,通化市东昌区分局,2007.03.08-2017.03.08
udz8biv9vw,邓志维,东乡,女,1969,6,20,山东省临沂市兰陵县金岭镇前张庄村委会,360981197812202292,省直辖县级行政区划昌江黎族自治县分局,2002.05.07-2007.05.07
rniwapyvu8,赵张,回,女,1968,6,27,贵州省黔东南苗族侗族自治州凯里市大风洞乡大坡村委会,21108119630505427,宜昌市夷陵区公安局,2000.11.04-2020.11.04
gwrwegzp01,裘志平,珞巴,女,1981,8,31,辽宁省辽阳市宏伟区工农街道办事处奥林园社区居民委员会,342625200307215072,南充市高坪区公安局,2015.02.11-2020.02.11
f91tmyvj2u,晋斌,鄂温克,男,2004,4,16,福建省莆田市仙游县度尾镇湘溪村委会,131024197712309198,长治市城区分局,2000.11.25-2020.11.25
ptc671500n,徐中梅,畲,女,1980,11,31,黑龙江省哈尔滨市双城区东官镇东利村村委会,430111197404205634,安庆市桐城市公安局,2001.05.30-2021.05.30
jp7nh1kbjj,李培谦,黎,女,1982,8,2,安徽省六安市金寨县燕子河镇金冲村委会,513229200407023937,西双版纳傣族自治州勐海县分局,2003.05.06-长期
7cqmoigun9,谢爱华,哈尼,男,1971,5,6,山西省晋中市昔阳县界都乡联中峪村委会,14232519700722271,曲靖市麒麟区分局,2013.12.27-2018.12.27
snl9sbfsmy,崔红娟,鄂温克,女,1988,5,26,广西壮族自治区南宁市宾阳县大桥镇六龙村委会,33112119580705515,邵阳市新邵县公安局,2013.12.20-2033.12.20
2xd8bi162j,罗赛珍,基诺,男,1953,5,23,山东省济宁市汶上县南站镇黄店南村委会,441601199709118027,安庆市宿松县分局,2000.03.06-2020.03.06
alirw1msbk,王亦欣,布依,男,2011,7,7,四川省绵阳市江油市含增镇谭庄村民委员会,341321197210116918,鄂尔多斯市鄂托克前旗分局,2014.07.02-2034.07.02
a3scs4faby,张起鹏,傣,男,1965,12,5,吉林省吉林市磐石市松山镇新民村委会,542326198308296205,阿勒泰地区哈巴河县公安局,2014.02.15-长期
b5hb2ktyqv,曾玉丹,俄罗斯,男,2012,11,25,河南省商丘市民权县野岗乡双庙村委会,21030419540407853,长沙市天心区公安局,2006.07.20-2026.07.20
v8ndk6ib5u,陈纪瑜,土家,男,1954,12,14,福建省宁德市福鼎市桐城街道天湖社区居委会,441401197509030931,甘南藏族自治州临潭县公安局,2004.10.16-2014.10.16
8yak5wceh7,叶梦华,维吾尔,男,1981,3,3,山东省菏泽市单县黄岗镇前花园村民委员会,13052219470803802,南通市海门市公安局,1997.04.23-2017.04.23
crgmmrda5m,张其康,基诺,女,2002,7,19,山东省潍坊市诸城市百尺河镇大仁和社区村民委员会,450124200507283228,榆林市绥德县分局,2002.09.14-2007.09.14
emfu2lb8in,费旭峰,苗,男,1975,1,9,河南省信阳市固始县陈集镇八店村委会,34020019590710301,陇南市两当县分局,2007.11.29-2012.11.29
sxxxw9an0t,张松龄,塔塔尔,女,1953,11,14,吉林省长春市榆树市闵家镇三合村委会,540302197611112825,武汉市蔡甸区公安局,1996.11.07-2016.11.07
yt51wzsqm3,郑志泉,俄罗斯,男,1999,5,5,浙江省宁波市象山县墙头镇合心村委会,152324199805254908,郑州市新郑市公安局,1993.12.09-1998.12.09
8w7es7y58y,蒋大宗,达斡尔,男,1956,5,18,河北省邢台市巨鹿县堤村乡金玉庄村委会,320830200601081628,通辽市科尔沁左翼后旗公安局,2016.05.29-长期
x7j98qfm36,夏慧琴,汉,女,2011,1,10,广东省河源市紫金县黄塘镇上黄塘村委会,230722201702062673,伊春市汤旺河区分局,2001.04.18-2006.04.18
chsx00m3ro,李跃红,纳西,女,1954,6,8,上海市市辖区宝山区顾村镇星星村村委会,513721197407152139,锦州市凌海市分局,2000.09.20-2010.09.20
ev7188aebh,蔡荣俊,塔塔尔,女,1957,11,25,四川省遂宁市安居区白马镇青峰村村民委员会,53092519721216275X,湘潭市湘乡市分局,2017.04.12-2037.04.12
cec1b9ffte,牛鸣,土,女,1964,10,16,重庆市市辖区綦江区隆盛镇长春村委会,522526201303018640,沈阳市法库县公安局,1999.01.24-2009.01.24
jghmj5v5ri,文桂英,鄂温克,男,1990,6,28,山东省威海市乳山市冯家镇唐家店子村委会,330421198804200115,陇南市成县分局,1996.12.15-长期
vjbk5igox4,刘力志,维吾尔,女,1945,3,1,河南省信阳市商城县长竹园乡汪冲村委会,440784199410196691,省直辖县级行政区划保亭黎族苗族自治县分局,2011.11.25-2031.11.25
igc7xpagk7,高焱明,朝鲜,女,1983,12,11,内蒙古自治区通辽市开鲁县麦新镇林发村委会,520328197705199939,衡阳市祁东县分局,2011.01.23-2021.01.23
p7b6jmknil,吕亚奇,满,女,2002,5,27,河南省信阳市商城县鲇鱼山街道办事处平塘村委会,612330199607291007,湖州市德清县公安局,1999.09.01-长期
d5cus2i86v,王吉星,京,男,1982,2,5,山东省烟台市龙口市徐福街道办事处冯高后村村委会,632123199608230536,﻿市辖区闵行区公安局,1997.02.25-2002.02.25
xlgwtqlxbd,屠红霞,仫佬,女,1986,3,10,江苏省镇江市京口区四牌楼街道江东社区居委会,210602200210289649,文山壮族苗族自治州马关县分局,1994.06.26-2014.06.26
qj7g0s4i7a,钟鸿昌,布依,女,1989,2,14,安徽省六安市舒城县干汊河镇新陶村委会,320571199608105214,秦皇岛市抚宁区公安局,1998.08.04-2008.08.04
lg6nk7pk4b,熊桂芬,基诺,女,1949,5,16,山西省晋中市榆次区修文镇褚村村委会,452628198008187158,抚顺市新宾满族自治县公安局,1991.12.07-长期
tb7e7f2f16,阮晨霖,水,女,2006,12,23,辽宁省营口市老边区边城镇金屯村委会,229004197711218221,德宏傣族景颇族自治州瑞丽市分局,1993.01.12-1998.01.12
2it23zky61,邵淇,塔塔尔,男,1999,6,4,广东省广州市天河区员村街道南富社区居委会,610404201910282438,铜仁市印江土家族苗族自治县分局,2014.09.16-2034.09.16
m4zlfy2q2t,斯培,怒,男,1980,11,8,湖北省黄冈市浠水县团陂镇大塘角村委会,231001201302268231,宜春市樟树市分局,2012.07.08-长期
91bundwpd2,李芝琴,傣,女,2005,12,29,河南省漯河市临颍县三家店镇康庄村委会,53242819560218854,通化市通化县公安局,2005.09.19-长期
1apw679b88,沙长春,佤,女,2010,4,20,河北省邯郸市成安县北乡义乡西乡义村委会,320508199402215877,邵阳市新宁县公安局,2010.08.18-2015.08.18
igybrx58rw,吴继先,怒,女,1964,11,3,吉林省长春市双阳区奢岭街道办事处爱国村委会,642101197208244129,许昌市长葛市分局,2002.03.19-长期
q1wcdvq1q4,夏志新,布朗,男,1955,3,25,湖南省湘潭市韶山市银田镇南村村委会,130607201110080026,甘孜藏族自治州色达县分局,2017.12.25-长期
7lbnlyg249,林正和,达斡尔,男,1989,6,15,云南省曲靖市会泽县金钟街道办事处三家塘村委会,140929198011181681,郑州市中原区分局,2010.11.04-长期
a081669c11,黄文宇,门巴,女,1945,6,10,北京市市辖区通州区潞城镇东杨庄村委会,370404200405301260,廊坊市大厂回族自治县公安局,2002.06.22-2007.06.22
ze1vs4sggl,韩舒燕,毛难,女,1987,6,7,北京市市辖区西城区月坛街道办事处三里河社区第一居委会,442921198307246157,市辖区长宁区分局,1993.10.22-长期
vxr24oheja,蔡世超,京,女,2015,4,30,山东省威海市文登区界石镇南鲁家埠村委会,50010519511009610,池州市石台县分局,2004.01.16-2024.01.16
0rwxfnch1e,张泽军,高山,男,1985,4,21,广东省河源市紫金县龙窝镇琴南村委会,150581201109319068,贵港市港北区分局,1992.12.05-长期
77a5gy8w5e,高德华,佤,女,1972,7,15,江西省吉安市吉水县阜田镇洪洞村委会,500224200601111835,合肥市瑶海区分局,1999.10.25-2019.10.25
j99aca6d7u,刘志洋,门巴,男,1984,7,29,广东省珠海市斗门区井岸镇鸡咀村委会,362321197204197205,酒泉市瓜州县分局,2003.02.09-2023.02.09
avzn8npsw5,王文馨,怒,男,2013,4,17,贵州省遵义市道真仡佬族苗族自治县棕坪乡文联村委会,52032119580626955,荆州市公安县分局,2009.04.02-2019.04.02
zzg4xqaej9,李唯嘉,回,男,1945,2,14,黑龙江省哈尔滨市尚志市长寿乡永安村村委会,370812200402060903,荆门市沙洋县分局,2017.06.12-2037.06.12
5pufsmozs2,黄桂平,京,男,1981,5,6,云南省普洱市孟连傣族拉祜族佤族自治县景信乡勐白村委会,371701200011165921,呼伦贝尔市海拉尔区公安局,2010.02.16-2030.02.16
ubzjtbgoap,林子舒,白,男,1947,9,27,山东省菏泽市巨野县陶庙镇姜谭村民委员会,22088119530717220,西安市蓝田县分局,2016.08.16-2036.08.16
d2mfll6yi4,苏鹏涛,珞巴,女,1965,3,22,湖南省郴州市桂阳县浩塘镇史家桥村村委会,35032219590618272,赣州市会昌县公安局,2007.11.31-长期
6dkdwl3hc7,胡万杰,普米,女,1979,5,28,广西壮族自治区柳州市融水苗族自治县安陲乡吉曼村委会,33060319500802818,鞍山市千山区分局,1993.08.09-长期
vn9l4voq8f,黄细霞,佤,女,1995,4,21,福建省宁德市霞浦县北壁乡池澳村委会,41070219500826781,喀什地区泽普县分局,2019.01.07-2029.01.07
l9evculwhq,张海玲,土,男,2006,4,1,天津市市辖区静海区静海镇泰悦经典社区居委会,339007197605271450,云浮市新兴县公安局,2018.02.09-2028.02.09
g7sb1ez5us,商立,维吾尔,男,1984,5,13,辽宁省锦州市黑山县太和镇尖山子村民委员会,370305197108185496,马鞍山市当涂县分局,2019.05.22-2024.05.22
rvedu0x2kq,赖日全,布朗,男,1952,10,2,四川省绵阳市游仙区石马镇横山村民委员会,513327201612242618,三门峡市湖滨区公安局,2017.03.07-长期
6y2a9o0npa,孙祥瑞,鄂伦春,男,1948,1,21,河北省唐山市滦县九百户镇高家峪村委会,341002199808084090,抚顺市东洲区分局,1993.03.30-长期
7g0np87798,朱长义,仫佬,男,1970,11,22,四川省乐山市沐川县大楠镇金盆村委会,411728201708203146,宁波市海曙区分局,2006.08.30-2026.08.30
zmesjpvd2l,王绍昌,普米,男,1988,5,16,河南省平顶山市汝州市陵头镇寇寨村委会,330483199808200328,三亚市崖州区分局,2005.04.19-2025.04.19
6pzp7v4ynl,于德隆,锡伯,女,1998,4,3,广东省广州市荔湾区西村街道芳村花园社区居委会,210803199103278277,九江市彭泽县公安局,2012.12.10-2032.12.10
2uw1wxcmd6,阮文煊,独龙,女,2009,11,8,陕西省西安市蓝田县小寨镇下湖村委会,52232420050912641X,泰安市新泰市公安局,2002.12.11-2007.12.11
c3v8uimlfg,刘剑斌,瑶,女,1992,7,12,四川省达州市大竹县川主乡宝堂村民委员会,321282201406219695,宜春市樟树市分局,2016.11.28-2026.11.28
8baw3j27dr,张修荣,乌孜别克,女,1973,11,1,陕西省延安市子长县玉家湾镇郝家峁村委会,511501200104310455,广安市武胜县公安局,2009.02.20-2014.02.20
p2xt5mvwca,陈维维,回,男,1947,6,16,江苏省苏州市张家港市金港镇长山村委会,230403200102083321,崇左市龙州县分局,2006.02.25-2016.02.25
ywssah9d89,代文利,东乡,女,1999,1,12,山东省聊城市莘县朝城镇辛庄村委会,430702198406208036,保定市望都县公安局,1993.03.18-长期
luujaqoqjm,王招女,纳西,女,1982,11,7,山东省日照市五莲县街头镇高垛沟村村民委员会,231001199804029406,县垫江县分局,2014.10.16-长期
c2wcr2okr9,郑启福,水,女,2011,1,2,安徽省马鞍山市含山县林头镇鼓山村委会,410727198510041025,攀枝花市仁和区分局,1997.03.28-长期
4hrmcztbj8,周秀莲,锡伯,女,1973,4,25,湖南省永州市双牌县尚仁里乡吉江村委会,21078119581210520,邵阳市洞口县公安局,1997.05.24-长期
ai2zow68h0,董泽民,朝鲜,男,1949,7,26,海南省海口市美兰区演丰镇苏民村委会,230621197304185539,长春市双阳区分局,2013.08.14-2018.08.14
b8gpe5v4w3,任理,俄罗斯,男,2000,11,16,辽宁省铁岭市昌图县大洼镇双山村民委员会,350629199112314879,滁州市天长市分局,2010.07.22-2015.07.22
1sb5gs7rga,田启林,撒拉,女,1953,12,23,湖南省常德市澧县王家厂镇柳津村委会,411303197802141118,柳州市融安县分局,2016.11.17-2026.11.17
6gr4x3c4hq,徐秀梅,瑶,女,1999,1,22,山东省淄博市博山区山头街道办事处樵岭前村委会,330204197906069594,天水市武山县分局,2001.11.01-2011.11.01
q0whdj0koz,曾帆,回,男,1950,11,8,山西省大同市左云县水窑乡大南沟村委会,421004199906015741,邵阳市武冈市分局,2004.01.23-2024.01.23
zb255mr2zt,洪雅,侗,男,1968,5,9,河北省张家口市涿鹿县五堡镇庄科村委会,15062319480122014,桂林市资源县公安局,2000.11.07-长期
g8s3e1dzfq,芦慧,彝,男,1998,3,24,河北省保定市莲池区西关街道办事处郭庄社区居委会,15212519771009729X,巴中市南江县公安局,1995.07.04-2015.07.04
9imwrb8ckg,赵树宝,傣,女,2003,4,30,江西省赣州市信丰县嘉定镇上七里村委会,500227197702063793,市辖区宁河区公安局,2011.01.23-长期
nn2nnnpfds,熊榆,藏,男,2011,12,22,湖南省衡阳市衡阳县库宗桥镇和隆村委会,61262819580408262,邢台市隆尧县分局,2005.07.28-2015.07.28
ibtmpv312n,何冠谊,羌,女,1964,12,2,辽宁省大连市庄河市蓉花山镇双岭村委会,61012519531104110,长治市潞城市分局,2017.10.25-2027.10.25
mvdvpaz6fm,袁习文,鄂温克,女,1962,12,21,贵州省毕节市七星关区八寨镇罗汉山村委会,320117199403149978,包头市青山区分局,2019.03.02-2039.03.02
r18vdhp5yg,郭雪宁,景颇,女,2008,4,18,四川省广元市剑阁县龙源镇七宝村民委员会,513826199209153524,庆阳市宁县分局,2009.02.23-2019.02.23
klp2w7l86o,张玉伟,壮,女,1960,2,20,河南省新乡市卫辉市安都乡君子村村委会,410212199912241426,石家庄市赞皇县公安局,1993.02.19-2013.02.19
oxyfwmqp1r,范明涛,东乡,女,2014,10,10,浙江省湖州市安吉县孝丰镇三眼井社区居委会,45223019560508112,吐鲁番市鄯善县分局,2010.12.29-2020.12.29
d4b9rhnp5x,肖霄,蒙古,男,1989,9,20,山东省滨州市滨城区杨柳雪镇店东李村委会,310120198708075734,湘潭市韶山市分局,2017.07.24-2027.07.24
s8fnkjwpnl,程启荣,仡佬,女,1995,4,7,黑龙江省大庆市杜尔伯特蒙古族自治县一心乡民主村委会,331127201309118651,晋中市和顺县公安局,2002.06.15-2007.06.15
qr5n38wt3e,尹安平,黎,男,1970,10,12,浙江省绍兴市诸暨市陶朱街道红门村委会,41060019471202929,烟台市海阳市分局,1995.08.23-长期
3j6gf7gs1h,甄晓菲,珞巴,女,1988,6,13,山东省青岛市城阳区城阳街道办事处小北曲社区居民委员会,45092119681004079,南京市江宁区分局,1992.07.29-长期
lz7n8ekux2,郑馨怡,拉祜,男,1973,10,25,河南省许昌市鄢陵县张桥镇好汉庄村委会,22222119500706948,红河哈尼族彝族自治州建水县分局,2004.05.02-2014.05.02
ukx9nr1scn,刘赵平,京,女,1979,6,5,四川省南充市蓬安县新园乡麻杨河村村委会,652101201209021466,通辽市霍林郭勒市公安局,2011.08.13-2016.08.13
5w2j5jdf3a,迟芳丽,满,男,1968,5,17,广东省茂名市高州市潘州街道北关居委会,131102199210185931,文山壮族苗族自治州丘北县分局,1996.02.02-长期
5mxjjh4tg1,王曼玉,瑶,男,1995,8,5,四川省阿坝藏族羌族自治州若尔盖县红星镇冻卡村民委员会,360421201912112352,周口市沈丘县公安局,2011.06.30-2021.06.30
2tuuini4ni,丁亚南,仫佬,男,1958,11,2,山东省临沂市兰陵县长城镇徐村村委会,51333119660702172,连云港市海州区分局,1997.05.03-2002.05.03
nk8j40ykt5,戴光明,独龙,女,2012,1,21,安徽省芜湖市无为县严桥镇严桥社区居委会,35020319530917502,保定市定兴县分局,2004.07.13-长期
nifdyi8ns7,蔡正清,京,女,1993,3,1,河南省开封市杞县圉镇镇前刘村村委会,37070119640616840,通辽市科尔沁区公安局,1992.10.20-2002.10.20
ivzefv73i1,张邦栋,瑶,男,1982,12,23,湖南省常德市鼎城区长岭岗乡古堤溶村委会,350625198108265995,九江市瑞昌市分局,2007.05.13-2017.05.13
vz1svcqbly,吴国欢,乌孜别克,男,1951,1,10,广东省深圳市龙岗区布吉街道办事处罗岗社区居委会,230112199506303856,日喀则市康马县公安局,2008.05.26-长期
i5m8x0ynh3,潘晓鸥,佤,女,1993,2,14,河北省邢台市威县枣园乡司庄村委会,33010519640429267,喀什地区莎车县公安局,1994.11.05-2014.11.05
koj3h8xiiq,白永德,仫佬,男,1963,3,4,北京市市辖区顺义区旺泉街道办事处梅沟营村委会,610624198311017467,中卫市海原县公安局,1990.11.25-长期
liujuq3qja,黄风风,藏,女,1997,1,18,内蒙古自治区包头市青山区兴胜镇永和窑子村委会,512330198708140921,泰安市泰山区分局,2014.05.04-2024.05.04
7je9x14pq1,马虎威,朝鲜,男,1995,5,24,浙江省衢州市衢江区大洲镇石屏村村委会,532931199909222304,朝阳市凌源市分局,2004.12.02-2009.12.02
mwsl3cdlsn,俞明霞,傈僳,男,1959,4,23,内蒙古自治区巴彦淖尔市磴口县渡口镇东地村委会,419003200606092966,抚州市金溪县公安局,2000.07.05-2005.07.05
49dms0u2bo,韩一良,怒,男,1954,6,16,青海省海东市民和回族土族自治县总堡乡三垣村委会,37170319781004016X,汉中市洋县分局,2014.01.08-2019.01.08
6ov0nohnkn,王玮璐,蒙古,男,2006,2,30,北京市县延庆县张山营镇中羊坊村委会,65050219570217330,攀枝花市盐边县公安局,1995.09.29-2015.09.29
fkl5i4gxer,神瑞宝,柯尔克孜,男,2003,12,13,河北省石家庄市新乐市长寿街道办事处新华社区居委会,330201199902039551,吉安市吉水县公安局,2000.07.16-2010.07.16
3citfsymsv,刘燕昌,白,男,2007,11,25,辽宁省大连市庄河市大郑镇宋派村委会,320482198303242670,本溪市平山区公安局,1997.01.31-2007.01.31
9d0b3gi8tp,韩石城,羌,男,1954,1,15,吉林省长春市九台区兴隆街道办事处小荒地村委会,37132319550320835,拉萨市城关区公安局,2015.08.04-长期
21u833on4t,粟文,保安,男,2003,7,14,山西省朔州市平鲁区双碾乡东港村委会,340702197502104251,阿勒泰地区吉木乃县分局,2002.05.02-2012.05.02
qorypfv7tm,陈全秀,布依,女,2005,1,20,山东省济宁市微山县两城镇两城四村村委会,420921201110109156,梧州市蒙山县分局,2018.11.04-2023.11.04
h849c23nvn,吴贵阳,瑶,男,1966,1,26,山东省菏泽市郓城县潘渡镇梁庄村委会,330783201610095679,商洛市山阳县分局,2005.07.31-长期
kw0prvb0s7,陈伊伊,门巴,男,2000,10,19,河南省南阳市内乡县湍东镇茶庵村民委员会,41022519681207435,辽源市东丰县公安局,2007.08.22-2027.08.22
k127fzj3fa,颜铃,景颇,男,1993,10,11,山东省潍坊市安丘市景芝镇后屯村委会,130923198012159521,抚顺市新宾满族自治县公安局,2008.01.03-长期
k3b5rnks0z,胡振昌,维吾尔,女,2010,1,13,湖南省永州市冷水滩区岚角山镇巴洲村委会,63022319461219272,商洛市山阳县分局,2001.09.01-长期
os8nc9lz0b,邱玉慧,珞巴,男,1960,5,14,黑龙江省大庆市萨尔图区东风街道办事处义耕社区居委会,62302519520105066,四平市铁西区公安局,2003.08.04-2023.08.04
r4bxgg2u64,计参,佤,女,1946,1,7,广西壮族自治区玉林市兴业县沙塘镇沙塘社区居委会,610621199602273420,海北藏族自治州门源回族自治县公安局,2012.08.28-2022.08.28
l5l6wdubbv,阿军,藏,男,2004,9,28,黑龙江省牡丹江市宁安市渤海镇土台子村委会,420683197110224705,三门峡市陕县分局,1991.10.12-长期
dvp283thrv,杨光礼,苗,女,1952,6,5,四川省巴中市巴州区梁永镇金浪村民委员会,22028219691014582,淄博市周村区公安局,1991.05.30-2001.05.30
mpskekb0fq,李彩惠,毛难,男,1978,8,6,山东省潍坊市青州市益都街道办事处北河东村委会,420703199903082824,衡水市武邑县分局,2013.08.06-2023.08.06
66cc5ose85,杨仁德,俄罗斯,男,1990,12,24,西藏自治区昌都市察雅县巴日乡温雅村村委会,410481201904179329,市辖区南岸区公安局,2006.02.05-2016.02.05
1am9fnj40t,斯云,侗,女,2015,12,27,山东省临沂市河东区汤头街道办事处黄家屯村委会,43052419650706081,南阳市内乡县分局,1993.08.03-1998.08.03
doc4gdpxb0,封丽丽,裕固,男,1967,9,24,湖南省张家界市永定区永定街道回龙居委会,632300198209283558,普洱市江城哈尼族彝族自治县分局,2002.04.30-2012.04.30
2c00myav8m,吴霭,白,女,1956,2,9,吉林省白城市镇赉县建平乡康平村委会,542136197508300717,杭州市余杭区公安局,1995.05.07-2005.05.07
qlwos65wr5,陈鹏建,汉,男,1970,2,21,内蒙古自治区鄂尔多斯市杭锦旗锡尼镇中图村委会,36072119471211231,南京市玄武区分局,2004.11.16-2024.11.16
zs0e6hfxhl,柴守峰,回,男,1992,2,21,湖南省岳阳市汨罗市汨罗镇燎家山社区,540237201512081161,凉山彝族自治州西昌市分局,2008.09.24-2028.09.24
fssw2gos72,骆雁,怒,男,1954,10,20,四川省泸州市古蔺县黄荆乡黄荆村民委员会,513424198009256066,河池市巴马瑶族自治县公安局,1991.07.20-2001.07.20
2nm59v2p0h,刘亦群,哈萨克,女,1948,1,24,湖南省张家界市慈利县江垭镇清水洞村委会,152102200612067219,洛阳市偃师市分局,2008.06.06-2018.06.06
33ca35k54z,官辉,彝,男,1955,11,14,四川省成都市青白江区祥福镇天星村村民委员会,440111198706283606,烟台市栖霞市分局,2002.03.19-长期
ww0p8oiuo7,马尔克,佤,男,1983,1,2,辽宁省锦州市凌海市新庄子镇向阳村民委员会,62012219510211890,毕节市赫章县分局,2001.05.23-长期
lqy6vuhow5,崔荣汉,藏,女,1995,1,18,山东省青岛市即墨市田横镇马坊村委会,13012619570806753,长治市沁源县公安局,1999.11.10-2009.11.10
94avb8v8pg,杨贵芳,蒙古,女,1978,5,28,西藏自治区山南地区浪卡子县多却乡绒布村委会,110118201207256220,马鞍山市含山县分局,1998.03.09-2018.03.09
dn3ao7t4xl,赵宪,仫佬,男,2003,8,22,江苏省徐州市新沂市时集镇陈刘村委会,450512198808231032,陇南市武都区分局,2009.07.20-2014.07.20
an1pbdtswr,姜立东,拉祜,男,1950,10,19,山东省滨州市博兴县乔庄镇梁楼村委会,36042519630122921,泉州市石狮市公安局,2012.09.29-2017.09.29
iesp0lsiow,毕颖,苗,男,1999,4,12,江西省赣州市赣县田村镇上坪村委会,330305199109218053,焦作市孟州市分局,2017.08.30-长期
